"",".y.","group1","group2","p","p.adj","p.format","p.signif","method","p.adj.signif","cytokine"
"1","value","snAE","CTL",0.11629962057557,0.232599241151139,"0.116","ns","Wilcoxon","ns","EGF"
"2","value","snAE","AED
Responsive
Epilepsy",0.0669552823173684,0.200865846952105,"0.067","ns","Wilcoxon","ns","EGF"
"3","value","snAE","MS",0.0463861138775157,0.200865846952105,"0.046","*","Wilcoxon","ns","EGF"
"4","value","CTL","AED
Responsive
Epilepsy",0.544026719805437,0.743030178888845,"0.544","ns","Wilcoxon","ns","EGF"
"5","value","CTL","MS",0.800318218145428,0.800318218145428,"0.800","ns","Wilcoxon","ns","EGF"
"6","value","AED
Responsive
Epilepsy","MS",0.619191815740704,0.743030178888845,"0.619","ns","Wilcoxon","ns","EGF"
"7","value","snAE","CTL",0.0242221279062003,0.112635005237691,"0.024","*","Wilcoxon","ns","FGF-2"
"8","value","snAE","AED
Responsive
Epilepsy",0.0846697772059722,0.127004665808958,"0.085","ns","Wilcoxon","ns","FGF-2"
"9","value","snAE","MS",0.0646493398532305,0.127004665808958,"0.065","ns","Wilcoxon","ns","FGF-2"
"10","value","CTL","AED
Responsive
Epilepsy",0.802838605279178,0.802838605279178,"0.803","ns","Wilcoxon","ns","FGF-2"
"11","value","CTL","MS",0.0375450017458972,0.112635005237691,"0.038","*","Wilcoxon","ns","FGF-2"
"12","value","AED
Responsive
Epilepsy","MS",0.147249744598114,0.176699693517737,"0.147","ns","Wilcoxon","ns","FGF-2"
"13","value","snAE","CTL",0.755050505050505,0.906060606060606,"0.76","ns","Wilcoxon","ns","Eotaxin"
"14","value","snAE","AED
Responsive
Epilepsy",1,1,"1.00","ns","Wilcoxon","ns","Eotaxin"
"15","value","snAE","MS",0.44453044375645,0.8890608875129,"0.44","ns","Wilcoxon","ns","Eotaxin"
"16","value","CTL","AED
Responsive
Epilepsy",0.755050505050505,0.906060606060606,"0.76","ns","Wilcoxon","ns","Eotaxin"
"17","value","CTL","MS",0.266593958157426,0.8890608875129,"0.27","ns","Wilcoxon","ns","Eotaxin"
"18","value","AED
Responsive
Epilepsy","MS",0.348555211558308,0.8890608875129,"0.35","ns","Wilcoxon","ns","Eotaxin"
"19","value","snAE","CTL",0.104613298319717,0.418846784446902,"0.10","ns","Wilcoxon","ns","TGF-a"
"20","value","snAE","AED
Responsive
Epilepsy",0.179712494879,0.418846784446902,"0.18","ns","Wilcoxon","ns","TGF-a"
"21","value","snAE","MS",0.251308070668141,0.418846784446902,"0.25","ns","Wilcoxon","ns","TGF-a"
"22","value","CTL","MS",0.723128275207049,0.778850166226465,"0.72","ns","Wilcoxon","ns","TGF-a"
"23","value","AED
Responsive
Epilepsy","MS",0.778850166226465,0.778850166226465,"0.78","ns","Wilcoxon","ns","TGF-a"
"24","value","snAE","CTL",0.104613298319717,0.294449146134936,"0.10","ns","Wilcoxon","ns","G-CSF"
"25","value","snAE","AED
Responsive
Epilepsy",0.179712494879,0.294449146134936,"0.18","ns","Wilcoxon","ns","G-CSF"
"26","value","snAE","MS",0.706432300070018,0.706432300070018,"0.71","ns","Wilcoxon","ns","G-CSF"
"27","value","CTL","MS",0.157325088990413,0.294449146134936,"0.16","ns","Wilcoxon","ns","G-CSF"
"28","value","AED
Responsive
Epilepsy","MS",0.235559316907948,0.294449146134936,"0.24","ns","Wilcoxon","ns","G-CSF"
"29","value","snAE","CTL",1,1,"1.00","ns","Wilcoxon","ns","Flt-3L"
"30","value","snAE","AED
Responsive
Epilepsy",0.423710797166793,0.847421594333587,"0.42","ns","Wilcoxon","ns","Flt-3L"
"31","value","snAE","MS",1,1,"1.00","ns","Wilcoxon","ns","Flt-3L"
"32","value","CTL","AED
Responsive
Epilepsy",0.261209066425939,0.783627199277818,"0.26","ns","Wilcoxon","ns","Flt-3L"
"33","value","CTL","MS",0.96416626483544,1,"0.96","ns","Wilcoxon","ns","Flt-3L"
"34","value","AED
Responsive
Epilepsy","MS",0.235198833453095,0.783627199277818,"0.24","ns","Wilcoxon","ns","Flt-3L"
"35","value","snAE","CTL",0.00494857488227846,0.0148457246468354,"0.0049","**","Wilcoxon","*","GM-CSF"
"36","value","snAE","AED
Responsive
Epilepsy",0.0200081852916062,0.0400163705832125,"0.0200","*","Wilcoxon","*","GM-CSF"
"37","value","snAE","MS",0.00431837313647708,0.0148457246468354,"0.0043","**","Wilcoxon","*","GM-CSF"
"38","value","CTL","AED
Responsive
Epilepsy",1,1,"1.0000","ns","Wilcoxon","ns","GM-CSF"
"39","value","CTL","MS",0.651097666242136,0.935454373625785,"0.6511","ns","Wilcoxon","ns","GM-CSF"
"40","value","AED
Responsive
Epilepsy","MS",0.779545311354821,0.935454373625785,"0.7795","ns","Wilcoxon","ns","GM-CSF"
"41","value","snAE","CTL",0.246282070736952,0.492564141473903,"0.246","ns","Wilcoxon","ns","Fractalkine"
"42","value","snAE","AED
Responsive
Epilepsy",0.072005657555498,0.216016972666494,"0.072","ns","Wilcoxon","ns","Fractalkine"
"43","value","snAE","MS",0.0246106374856635,0.147663824913981,"0.025","*","Wilcoxon","ns","Fractalkine"
"44","value","CTL","AED
Responsive
Epilepsy",0.498962298603761,0.671724244454454,"0.499","ns","Wilcoxon","ns","Fractalkine"
"45","value","CTL","MS",0.671724244454454,0.671724244454454,"0.672","ns","Wilcoxon","ns","Fractalkine"
"46","value","AED
Responsive
Epilepsy","MS",0.64416722268371,0.671724244454454,"0.644","ns","Wilcoxon","ns","Fractalkine"
"47","value","snAE","CTL",0.0701501645960833,0.21045049378825,"0.0702","ns","Wilcoxon","ns","IFNa2"
"48","value","snAE","AED
Responsive
Epilepsy",0.18122053638511,0.36244107277022,"0.1812","ns","Wilcoxon","ns","IFNa2"
"49","value","snAE","MS",0.00771448839525278,0.0462869303715167,"0.0077","**","Wilcoxon","*","IFNa2"
"50","value","CTL","AED
Responsive
Epilepsy",1,1,"1.0000","ns","Wilcoxon","ns","IFNa2"
"51","value","CTL","MS",0.345507758088328,0.414609309705994,"0.3455","ns","Wilcoxon","ns","IFNa2"
"52","value","AED
Responsive
Epilepsy","MS",0.317484560688444,0.414609309705994,"0.3175","ns","Wilcoxon","ns","IFNa2"
"53","value","snAE","CTL",0.0183975253474019,0.0956215467167406,"0.018","*","Wilcoxon","ns","IFNy"
"54","value","snAE","AED
Responsive
Epilepsy",0.204500533325642,0.409001066651284,"0.205","ns","Wilcoxon","ns","IFNy"
"55","value","snAE","MS",0.0318738489055802,0.0956215467167406,"0.032","*","Wilcoxon","ns","IFNy"
"56","value","CTL","AED
Responsive
Epilepsy",0.629028503169573,0.758522821164017,"0.629","ns","Wilcoxon","ns","IFNy"
"57","value","CTL","MS",0.733012382611842,0.758522821164017,"0.733","ns","Wilcoxon","ns","IFNy"
"58","value","AED
Responsive
Epilepsy","MS",0.758522821164017,0.758522821164017,"0.759","ns","Wilcoxon","ns","IFNy"
"59","value","snAE","CTL",0.53030303030303,0.657142857142857,"0.530","ns","Wilcoxon","ns","GRO-alpha"
"60","value","snAE","AED
Responsive
Epilepsy",0.547619047619048,0.657142857142857,"0.548","ns","Wilcoxon","ns","GRO-alpha"
"61","value","snAE","MS",0.484333517868458,0.657142857142857,"0.484","ns","Wilcoxon","ns","GRO-alpha"
"62","value","CTL","AED
Responsive
Epilepsy",0.0732323232323232,0.439393939393939,"0.073","ns","Wilcoxon","ns","GRO-alpha"
"63","value","CTL","MS",0.203988965327929,0.611966895983786,"0.204","ns","Wilcoxon","ns","GRO-alpha"
"64","value","AED
Responsive
Epilepsy","MS",0.726582732451961,0.726582732451961,"0.727","ns","Wilcoxon","ns","GRO-alpha"
"65","value","snAE","CTL",0.00887695501908771,0.0266308650572631,"0.0089","**","Wilcoxon","*","IL-10"
"66","value","snAE","AED
Responsive
Epilepsy",0.0200081852916062,0.0400163705832125,"0.0200","*","Wilcoxon","*","IL-10"
"67","value","snAE","MS",0.00251789587268519,0.0151073752361112,"0.0025","**","Wilcoxon","*","IL-10"
"68","value","CTL","AED
Responsive
Epilepsy",0.544026719805437,0.652832063766525,"0.5440","ns","Wilcoxon","ns","IL-10"
"69","value","CTL","MS",0.355286879759189,0.532930319638783,"0.3553","ns","Wilcoxon","ns","IL-10"
"70","value","AED
Responsive
Epilepsy","MS",1,1,"1.0000","ns","Wilcoxon","ns","IL-10"
"71","value","snAE","CTL",0.0185615323005505,0.0898171797922854,"0.019","*","Wilcoxon","ns","MCP-3"
"72","value","snAE","AED
Responsive
Epilepsy",0.0449085898961427,0.0898171797922854,"0.045","*","Wilcoxon","ns","MCP-3"
"73","value","snAE","MS",0.0424499089136158,0.0898171797922854,"0.042","*","Wilcoxon","ns","MCP-3"
"74","value","CTL","AED
Responsive
Epilepsy",1,1,"1.000","ns","Wilcoxon","ns","MCP-3"
"75","value","CTL","MS",0.0689181881219646,0.103377282182947,"0.069","ns","Wilcoxon","ns","MCP-3"
"76","value","AED
Responsive
Epilepsy","MS",0.151801505581162,0.182161806697394,"0.152","ns","Wilcoxon","ns","MCP-3"
"77","value","snAE","CTL",0.104613298319717,0.261533245799293,"0.105","ns","Wilcoxon","ns","IL-12P40"
"78","value","snAE","AED
Responsive
Epilepsy",0.179712494879,0.299520824798333,"0.180","ns","Wilcoxon","ns","IL-12P40"
"79","value","snAE","MS",0.092006578404973,0.261533245799293,"0.092","ns","Wilcoxon","ns","IL-12P40"
"80","value","CTL","MS",0.558184649422657,0.64416722268371,"0.558","ns","Wilcoxon","ns","IL-12P40"
"81","value","AED
Responsive
Epilepsy","MS",0.64416722268371,0.64416722268371,"0.644","ns","Wilcoxon","ns","IL-12P40"
"82","value","snAE","CTL",0.0176767676767677,0.053030303030303,"0.0177","*","Wilcoxon","ns","MDC"
"83","value","snAE","AED
Responsive
Epilepsy",0.0317460317460317,0.0634920634920635,"0.0317","*","Wilcoxon","ns","MDC"
"84","value","snAE","MS",0.00773876686940779,0.0464326012164467,"0.0077","**","Wilcoxon","*","MDC"
"85","value","CTL","AED
Responsive
Epilepsy",0.638888888888889,0.766666666666667,"0.6389","ns","Wilcoxon","ns","MDC"
"86","value","CTL","MS",1,1,"1.0000","ns","Wilcoxon","ns","MDC"
"87","value","AED
Responsive
Epilepsy","MS",0.394865841073271,0.592298761609907,"0.3949","ns","Wilcoxon","ns","MDC"
"88","value","snAE","CTL",0.802838605279178,0.963406326335013,"0.80","ns","Wilcoxon","ns","IL-12P70"
"89","value","snAE","AED
Responsive
Epilepsy",0.423710797166793,0.946610094798571,"0.42","ns","Wilcoxon","ns","IL-12P70"
"90","value","snAE","MS",0.527537897674362,0.946610094798571,"0.53","ns","Wilcoxon","ns","IL-12P70"
"91","value","CTL","AED
Responsive
Epilepsy",0.498962298603761,0.946610094798571,"0.50","ns","Wilcoxon","ns","IL-12P70"
"92","value","CTL","MS",0.631073396532381,0.946610094798571,"0.63","ns","Wilcoxon","ns","IL-12P70"
"93","value","AED
Responsive
Epilepsy","MS",1,1,"1.00","ns","Wilcoxon","ns","IL-12P70"
"94","value","snAE","CTL",1,1,"1.00","ns","Wilcoxon","ns","PDGF-AA"
"95","value","snAE","AED
Responsive
Epilepsy",0.69047619047619,1,"0.69","ns","Wilcoxon","ns","PDGF-AA"
"96","value","snAE","MS",0.672471620227038,1,"0.67","ns","Wilcoxon","ns","PDGF-AA"
"97","value","CTL","AED
Responsive
Epilepsy",0.431818181818182,1,"0.43","ns","Wilcoxon","ns","PDGF-AA"
"98","value","CTL","MS",0.185136973449667,1,"0.19","ns","Wilcoxon","ns","PDGF-AA"
"99","value","AED
Responsive
Epilepsy","MS",0.865970072239422,1,"0.87","ns","Wilcoxon","ns","PDGF-AA"
"100","value","snAE","CTL",0.0185615323005505,0.0541642149596316,"0.019","*","Wilcoxon","ns","IL-13"
"101","value","snAE","AED
Responsive
Epilepsy",0.0253698598220537,0.0541642149596316,"0.025","*","Wilcoxon","ns","IL-13"
"102","value","snAE","MS",0.0270821074798158,0.0541642149596316,"0.027","*","Wilcoxon","ns","IL-13"
"103","value","CTL","AED
Responsive
Epilepsy",0.498962298603761,0.498962298603761,"0.499","ns","Wilcoxon","ns","IL-13"
"104","value","CTL","MS",0.476453414232803,0.498962298603761,"0.476","ns","Wilcoxon","ns","IL-13"
"105","value","AED
Responsive
Epilepsy","MS",0.349071483241227,0.498962298603761,"0.349","ns","Wilcoxon","ns","IL-13"
"106","value","snAE","CTL",0.53030303030303,1,"0.53","ns","Wilcoxon","ns","PDGF-BB"
"107","value","snAE","AED
Responsive
Epilepsy",0.401965358356735,1,"0.40","ns","Wilcoxon","ns","PDGF-BB"
"108","value","snAE","MS",0.188592057445096,1,"0.19","ns","Wilcoxon","ns","PDGF-BB"
"109","value","CTL","AED
Responsive
Epilepsy",1,1,"1.00","ns","Wilcoxon","ns","PDGF-BB"
"110","value","CTL","MS",0.831531900692282,1,"0.83","ns","Wilcoxon","ns","PDGF-BB"
"111","value","AED
Responsive
Epilepsy","MS",1,1,"1.00","ns","Wilcoxon","ns","PDGF-BB"
"112","value","snAE","CTL",0.0141587831845803,0.0283175663691606,"0.0142","*","Wilcoxon","*","IL-15"
"113","value","snAE","AED
Responsive
Epilepsy",0.0111594252829148,0.0283175663691606,"0.0112","*","Wilcoxon","*","IL-15"
"114","value","snAE","MS",0.00567801504022895,0.0283175663691606,"0.0057","**","Wilcoxon","*","IL-15"
"115","value","CTL","AED
Responsive
Epilepsy",0.794841148291379,0.911561181818944,"0.7948","ns","Wilcoxon","ns","IL-15"
"116","value","CTL","MS",0.911561181818944,0.911561181818944,"0.9116","ns","Wilcoxon","ns","IL-15"
"117","value","AED
Responsive
Epilepsy","MS",0.513493380030014,0.770240070045021,"0.5135","ns","Wilcoxon","ns","IL-15"
"118","value","snAE","CTL",0.148989898989899,0.444444444444444,"0.15","ns","Wilcoxon","ns","sCD40L"
"119","value","snAE","AED
Responsive
Epilepsy",0.222222222222222,0.444444444444444,"0.22","ns","Wilcoxon","ns","sCD40L"
"120","value","snAE","MS",0.141769865841073,0.444444444444444,"0.14","ns","Wilcoxon","ns","sCD40L"
"121","value","CTL","AED
Responsive
Epilepsy",0.755050505050505,0.906060606060606,"0.76","ns","Wilcoxon","ns","sCD40L"
"122","value","CTL","MS",0.679648653719861,0.906060606060606,"0.68","ns","Wilcoxon","ns","sCD40L"
"123","value","AED
Responsive
Epilepsy","MS",0.965175428421179,0.965175428421179,"0.97","ns","Wilcoxon","ns","sCD40L"
"124","value","snAE","CTL",0.310494434317235,0.451267355277708,"0.31","ns","Wilcoxon","ns","IL-17A"
"125","value","snAE","AED
Responsive
Epilepsy",0.423710797166793,0.451267355277708,"0.42","ns","Wilcoxon","ns","IL-17A"
"126","value","snAE","MS",0.451267355277708,0.451267355277708,"0.45","ns","Wilcoxon","ns","IL-17A"
"127","value","CTL","MS",0.102704489472171,0.421579378991612,"0.10","ns","Wilcoxon","ns","IL-17A"
"128","value","AED
Responsive
Epilepsy","MS",0.168631751596645,0.421579378991612,"0.17","ns","Wilcoxon","ns","IL-17A"
"129","value","snAE","CTL",0.00252525252525253,0.0151515151515152,"0.0025","**","Wilcoxon","*","IL-1RA"
"130","value","snAE","AED
Responsive
Epilepsy",0.0952380952380952,0.237100103199174,"0.0952","ns","Wilcoxon","ns","IL-1RA"
"131","value","snAE","MS",0.118550051599587,0.237100103199174,"0.1186","ns","Wilcoxon","ns","IL-1RA"
"132","value","CTL","AED
Responsive
Epilepsy",0.25395611409056,0.380934171135841,"0.2540","ns","Wilcoxon","ns","IL-1RA"
"133","value","CTL","MS",0.378110504970269,0.453732605964323,"0.3781","ns","Wilcoxon","ns","IL-1RA"
"134","value","AED
Responsive
Epilepsy","MS",0.895791141437695,0.895791141437695,"0.8958","ns","Wilcoxon","ns","IL-1RA"
"135","value","snAE","CTL",0.0302416336912023,0.0898171797922854,"0.030","*","Wilcoxon","ns","IL-1a"
"136","value","snAE","AED
Responsive
Epilepsy",0.0449085898961427,0.0898171797922854,"0.045","*","Wilcoxon","ns","IL-1a"
"137","value","snAE","MS",0.0424499089136158,0.0898171797922854,"0.042","*","Wilcoxon","ns","IL-1a"
"138","value","CTL","AED
Responsive
Epilepsy",0.669868831940641,0.669868831940641,"0.670","ns","Wilcoxon","ns","IL-1a"
"139","value","CTL","MS",0.512899025493056,0.615478830591667,"0.513","ns","Wilcoxon","ns","IL-1a"
"140","value","AED
Responsive
Epilepsy","MS",0.315527954701029,0.473291932051544,"0.316","ns","Wilcoxon","ns","IL-1a"
"141","value","snAE","CTL",0.00908838732801004,0.0227209683200251,"0.0091","**","Wilcoxon","*","IL-9"
"142","value","snAE","AED
Responsive
Epilepsy",0.0253698598220537,0.0422830997034228,"0.0254","*","Wilcoxon","*","IL-9"
"143","value","snAE","MS",0.00308230799667114,0.0154115399833557,"0.0031","**","Wilcoxon","*","IL-9"
"144","value","CTL","MS",0.358516260775947,0.448145325969933,"0.3585","ns","Wilcoxon","ns","IL-9"
"145","value","AED
Responsive
Epilepsy","MS",0.45088703102517,0.45088703102517,"0.4509","ns","Wilcoxon","ns","IL-9"
"146","value","snAE","CTL",0.104613298319717,0.465741651475852,"0.10","ns","Wilcoxon","ns","IL-1B"
"147","value","snAE","AED
Responsive
Epilepsy",0.440686016488678,0.528823219786414,"0.44","ns","Wilcoxon","ns","IL-1B"
"148","value","snAE","MS",0.301542474406881,0.465741651475852,"0.30","ns","Wilcoxon","ns","IL-1B"
"149","value","CTL","AED
Responsive
Epilepsy",0.310494434317235,0.465741651475852,"0.31","ns","Wilcoxon","ns","IL-1B"
"150","value","CTL","MS",0.237255826623495,0.465741651475852,"0.24","ns","Wilcoxon","ns","IL-1B"
"151","value","AED
Responsive
Epilepsy","MS",0.900559135469118,0.900559135469118,"0.90","ns","Wilcoxon","ns","IL-1B"
"152","value","snAE","CTL",0.802838605279178,0.802838605279178,"0.80","ns","Wilcoxon","ns","IL-2"
"153","value","snAE","AED
Responsive
Epilepsy",0.423710797166793,0.748443447905642,"0.42","ns","Wilcoxon","ns","IL-2"
"154","value","snAE","MS",0.260760498926487,0.748443447905642,"0.26","ns","Wilcoxon","ns","IL-2"
"155","value","CTL","AED
Responsive
Epilepsy",0.498962298603761,0.748443447905642,"0.50","ns","Wilcoxon","ns","IL-2"
"156","value","CTL","MS",0.345507758088328,0.748443447905642,"0.35","ns","Wilcoxon","ns","IL-2"
"157","value","AED
Responsive
Epilepsy","MS",0.77864033738086,0.802838605279178,"0.78","ns","Wilcoxon","ns","IL-2"
"158","value","snAE","CTL",0.104613298319717,0.313839894959152,"0.105","ns","Wilcoxon","ns","IL-5"
"159","value","snAE","AED
Responsive
Epilepsy",0.440686016488678,0.558184649422657,"0.441","ns","Wilcoxon","ns","IL-5"
"160","value","snAE","MS",0.092006578404973,0.313839894959152,"0.092","ns","Wilcoxon","ns","IL-5"
"161","value","CTL","AED
Responsive
Epilepsy",0.310494434317235,0.558184649422657,"0.310","ns","Wilcoxon","ns","IL-5"
"162","value","CTL","MS",0.558184649422657,0.558184649422657,"0.558","ns","Wilcoxon","ns","IL-5"
"163","value","AED
Responsive
Epilepsy","MS",0.502751813912562,0.558184649422657,"0.503","ns","Wilcoxon","ns","IL-5"
"164","value","snAE","CTL",0.00705351288853194,0.0211605386655958,"0.0071","**","Wilcoxon","*","IL-6"
"165","value","snAE","AED
Responsive
Epilepsy",0.0200081852916062,0.0400163705832125,"0.0200","*","Wilcoxon","*","IL-6"
"166","value","snAE","MS",0.00569694629076887,0.0211605386655958,"0.0057","**","Wilcoxon","*","IL-6"
"167","value","CTL","AED
Responsive
Epilepsy",0.771925780674146,0.815637513848691,"0.7719","ns","Wilcoxon","ns","IL-6"
"168","value","CTL","MS",0.563702861650773,0.815637513848691,"0.5637","ns","Wilcoxon","ns","IL-6"
"169","value","AED
Responsive
Epilepsy","MS",0.815637513848691,0.815637513848691,"0.8156","ns","Wilcoxon","ns","IL-6"
"170","value","snAE","CTL",0.669868831940641,0.803842598328769,"0.670","ns","Wilcoxon","ns","IL-7"
"171","value","snAE","AED
Responsive
Epilepsy",1,1,"1.000","ns","Wilcoxon","ns","IL-7"
"172","value","snAE","MS",0.525372786373702,0.788059179560553,"0.525","ns","Wilcoxon","ns","IL-7"
"173","value","CTL","AED
Responsive
Epilepsy",0.498962298603761,0.788059179560553,"0.499","ns","Wilcoxon","ns","IL-7"
"174","value","CTL","MS",0.0929192425914203,0.557515455548522,"0.093","ns","Wilcoxon","ns","IL-7"
"175","value","AED
Responsive
Epilepsy","MS",0.323785286735492,0.788059179560553,"0.324","ns","Wilcoxon","ns","IL-7"
"176","value","snAE","CTL",0.00887695501908771,0.0317460317460317,"0.0089","**","Wilcoxon","*","IL-8"
"177","value","snAE","AED
Responsive
Epilepsy",0.0158730158730159,0.0317460317460317,"0.0159","*","Wilcoxon","*","IL-8"
"178","value","snAE","MS",0.0112401546459935,0.0317460317460317,"0.0112","*","Wilcoxon","*","IL-8"
"179","value","CTL","AED
Responsive
Epilepsy",0.190744986688062,0.286117480032092,"0.1907","ns","Wilcoxon","ns","IL-8"
"180","value","CTL","MS",0.887632175028582,0.887632175028582,"0.8876","ns","Wilcoxon","ns","IL-8"
"181","value","AED
Responsive
Epilepsy","MS",0.693376361757653,0.832051634109184,"0.6934","ns","Wilcoxon","ns","IL-8"
"182","value","snAE","CTL",0.755050505050505,0.755050505050505,"0.755","ns","Wilcoxon","ns","IP-10"
"183","value","snAE","AED
Responsive
Epilepsy",0.30952380952381,0.464285714285714,"0.310","ns","Wilcoxon","ns","IP-10"
"184","value","snAE","MS",0.23000515995872,0.460010319917441,"0.230","ns","Wilcoxon","ns","IP-10"
"185","value","CTL","AED
Responsive
Epilepsy",0.0732323232323232,0.318322544328736,"0.073","ns","Wilcoxon","ns","IP-10"
"186","value","CTL","MS",0.106107514776245,0.318322544328736,"0.106","ns","Wilcoxon","ns","IP-10"
"187","value","AED
Responsive
Epilepsy","MS",0.672471620227038,0.755050505050505,"0.672","ns","Wilcoxon","ns","IP-10"
"188","value","snAE","CTL",0.876262626262626,0.876262626262626,"0.876","ns","Wilcoxon","ns","MCP-1"
"189","value","snAE","AED
Responsive
Epilepsy",0.69047619047619,0.876262626262626,"0.690","ns","Wilcoxon","ns","MCP-1"
"190","value","snAE","MS",0.167956656346749,0.503869969040248,"0.168","ns","Wilcoxon","ns","MCP-1"
"191","value","CTL","AED
Responsive
Epilepsy",0.343434343434343,0.686868686868687,"0.343","ns","Wilcoxon","ns","MCP-1"
"192","value","CTL","MS",0.0319448353504081,0.191669012102449,"0.032","*","Wilcoxon","ns","MCP-1"
"193","value","AED
Responsive
Epilepsy","MS",0.800051599587203,0.876262626262626,"0.800","ns","Wilcoxon","ns","MCP-1"
"194","value","snAE","CTL",0.00207977302575119,0.0124786381545071,"0.0021","**","Wilcoxon","*","MIP-1a"
"195","value","snAE","AED
Responsive
Epilepsy",0.0128974885828556,0.0386924657485669,"0.0129","*","Wilcoxon","*","MIP-1a"
"196","value","snAE","MS",0.0217819379254334,0.0435638758508669,"0.0218","*","Wilcoxon","*","MIP-1a"
"197","value","CTL","AED
Responsive
Epilepsy",0.310494434317235,0.372593321180682,"0.3105","ns","Wilcoxon","ns","MIP-1a"
"198","value","CTL","MS",0.157066196978508,0.235599295467762,"0.1571","ns","Wilcoxon","ns","MIP-1a"
"199","value","AED
Responsive
Epilepsy","MS",0.646112486602737,0.646112486602737,"0.6461","ns","Wilcoxon","ns","MIP-1a"
"200","value","snAE","CTL",0.53030303030303,0.766666666666667,"0.53","ns","Wilcoxon","ns","MIP-1B"
"201","value","snAE","AED
Responsive
Epilepsy",0.30952380952381,0.766666666666667,"0.31","ns","Wilcoxon","ns","MIP-1B"
"202","value","snAE","MS",0.238469916018854,0.766666666666667,"0.24","ns","Wilcoxon","ns","MIP-1B"
"203","value","CTL","AED
Responsive
Epilepsy",0.638888888888889,0.766666666666667,"0.64","ns","Wilcoxon","ns","MIP-1B"
"204","value","CTL","MS",0.502952682104193,0.766666666666667,"0.50","ns","Wilcoxon","ns","MIP-1B"
"205","value","AED
Responsive
Epilepsy","MS",0.800051599587203,0.800051599587203,"0.80","ns","Wilcoxon","ns","MIP-1B"
"206","value","snAE","CTL",1,1,"1.00","ns","Wilcoxon","ns","RANTES"
"207","value","snAE","AED
Responsive
Epilepsy",0.345741825860727,0.691483651721454,"0.35","ns","Wilcoxon","ns","RANTES"
"208","value","snAE","MS",0.895791141437695,1,"0.90","ns","Wilcoxon","ns","RANTES"
"209","value","CTL","AED
Responsive
Epilepsy",0.267676767676768,0.691483651721454,"0.27","ns","Wilcoxon","ns","RANTES"
"210","value","CTL","MS",1,1,"1.00","ns","Wilcoxon","ns","RANTES"
"211","value","AED
Responsive
Epilepsy","MS",0.315291919531885,0.691483651721454,"0.32","ns","Wilcoxon","ns","RANTES"
"212","value","snAE","CTL",0.68422053468122,0.68422053468122,"0.684","ns","Wilcoxon","ns","TNFa"
"213","value","snAE","AED
Responsive
Epilepsy",0.547619047619048,0.657142857142857,"0.548","ns","Wilcoxon","ns","TNFa"
"214","value","snAE","MS",0.0665931485212925,0.199779445563877,"0.067","ns","Wilcoxon","ns","TNFa"
"215","value","CTL","AED
Responsive
Epilepsy",0.431818181818182,0.647727272727273,"0.432","ns","Wilcoxon","ns","TNFa"
"216","value","CTL","MS",0.0181060435947417,0.10863626156845,"0.018","*","Wilcoxon","ns","TNFa"
"217","value","AED
Responsive
Epilepsy","MS",0.294530663867894,0.589061327735789,"0.295","ns","Wilcoxon","ns","TNFa"
"218","value","snAE","CTL",0.00908838732801004,0.0454419366400502,"0.0091","**","Wilcoxon","*","TNFB"
"219","value","snAE","AED
Responsive
Epilepsy",0.0253698598220537,0.0634246495551343,"0.0254","*","Wilcoxon","ns","TNFB"
"220","value","snAE","MS",0.0449446474776368,0.0749077457960614,"0.0449","*","Wilcoxon","ns","TNFB"
"221","value","CTL","MS",0.225341355233233,0.281676694041541,"0.2253","ns","Wilcoxon","ns","TNFB"
"222","value","AED
Responsive
Epilepsy","MS",0.306619573296111,0.306619573296111,"0.3066","ns","Wilcoxon","ns","TNFB"
"223","value","snAE","CTL",0.00554319261711722,0.0166295778513517,"0.00554","**","Wilcoxon","*","VEGF-A"
"224","value","snAE","AED
Responsive
Epilepsy",0.0177501136522907,0.0355002273045813,"0.01775","*","Wilcoxon","*","VEGF-A"
"225","value","snAE","MS",0.000560867714467744,0.00336520628680646,"0.00056","***","Wilcoxon","**","VEGF-A"
"226","value","CTL","AED
Responsive
Epilepsy",0.802838605279178,0.900559135469118,"0.80284","ns","Wilcoxon","ns","VEGF-A"
"227","value","CTL","MS",0.753182181618384,0.900559135469118,"0.75318","ns","Wilcoxon","ns","VEGF-A"
"228","value","AED
Responsive
Epilepsy","MS",0.900559135469118,0.900559135469118,"0.90056","ns","Wilcoxon","ns","VEGF-A"
"229","value","snAE","CTL",0.370913590625278,0.741827181250555,"0.37","ns","Wilcoxon","ns","IL-18"
"230","value","snAE","AED
Responsive
Epilepsy",0.150793650793651,0.664578657139822,"0.15","ns","Wilcoxon","ns","IL-18"
"231","value","snAE","MS",0.221526219046607,0.664578657139822,"0.22","ns","Wilcoxon","ns","IL-18"
"232","value","CTL","AED
Responsive
Epilepsy",0.807210392221058,0.943787226156324,"0.81","ns","Wilcoxon","ns","IL-18"
"233","value","CTL","MS",0.943787226156324,0.943787226156324,"0.94","ns","Wilcoxon","ns","IL-18"
"234","value","AED
Responsive
Epilepsy","MS",0.726879143826904,0.943787226156324,"0.73","ns","Wilcoxon","ns","IL-18"
"235","value","snAE","CTL",1,1,"1.00","ns","Wilcoxon","ns","Eotaxin-2"
"236","value","snAE","AED
Responsive
Epilepsy",1,1,"1.00","ns","Wilcoxon","ns","Eotaxin-2"
"237","value","snAE","MS",0.197368421052632,0.789731682146543,"0.20","ns","Wilcoxon","ns","Eotaxin-2"
"238","value","CTL","AED
Responsive
Epilepsy",1,1,"1.00","ns","Wilcoxon","ns","Eotaxin-2"
"239","value","CTL","MS",0.368409325452669,0.789731682146543,"0.37","ns","Wilcoxon","ns","Eotaxin-2"
"240","value","AED
Responsive
Epilepsy","MS",0.394865841073271,0.789731682146543,"0.39","ns","Wilcoxon","ns","Eotaxin-2"
"241","value","snAE","CTL",0.0220409037098423,0.0440818074196845,"0.0220","*","Wilcoxon","*","MCP-2"
"242","value","snAE","AED
Responsive
Epilepsy",0.00793650793650794,0.0238095238095238,"0.0079","**","Wilcoxon","*","MCP-2"
"243","value","snAE","MS",0.00216820869546459,0.0130092521727875,"0.0022","**","Wilcoxon","*","MCP-2"
"244","value","CTL","AED
Responsive
Epilepsy",0.868459364162658,0.868459364162658,"0.8685","ns","Wilcoxon","ns","MCP-2"
"245","value","CTL","MS",0.598005754254105,0.868459364162658,"0.5980","ns","Wilcoxon","ns","MCP-2"
"246","value","AED
Responsive
Epilepsy","MS",0.783670103343499,0.868459364162658,"0.7837","ns","Wilcoxon","ns","MCP-2"
"247","value","snAE","CTL",0.343434343434343,0.504761904761905,"0.3434","ns","Wilcoxon","ns","BCA-1"
"248","value","snAE","AED
Responsive
Epilepsy",0.420634920634921,0.504761904761905,"0.4206","ns","Wilcoxon","ns","BCA-1"
"249","value","snAE","MS",0.00245098039215686,0.0147058823529412,"0.0025","**","Wilcoxon","*","BCA-1"
"250","value","CTL","AED
Responsive
Epilepsy",0.876262626262626,0.876262626262626,"0.8763","ns","Wilcoxon","ns","BCA-1"
"251","value","CTL","MS",0.046521718735341,0.139565156206023,"0.0465","*","Wilcoxon","ns","BCA-1"
"252","value","AED
Responsive
Epilepsy","MS",0.167956656346749,0.335913312693499,"0.1680","ns","Wilcoxon","ns","BCA-1"
"253","value","snAE","CTL",0.0665227849219334,0.133045569843867,"0.0665","ns","Wilcoxon","ns","MCP-4"
"254","value","snAE","AED
Responsive
Epilepsy",0.0441713449084426,0.132514034725328,"0.0442","*","Wilcoxon","ns","MCP-4"
"255","value","snAE","MS",0.00411427980628722,0.0246856788377233,"0.0041","**","Wilcoxon","*","MCP-4"
"256","value","CTL","AED
Responsive
Epilepsy",0.669868831940641,0.803842598328769,"0.6699","ns","Wilcoxon","ns","MCP-4"
"257","value","CTL","MS",0.501614806761341,0.752422210142011,"0.5016","ns","Wilcoxon","ns","MCP-4"
"258","value","AED
Responsive
Epilepsy","MS",0.900635260902919,0.900635260902919,"0.9006","ns","Wilcoxon","ns","MCP-4"
"259","value","snAE","CTL",0.53030303030303,0.636363636363636,"0.530","ns","Wilcoxon","ns","I-309"
"260","value","snAE","AED
Responsive
Epilepsy",0.294801991933705,0.469370205000137,"0.295","ns","Wilcoxon","ns","I-309"
"261","value","snAE","MS",0.312913470000091,0.469370205000137,"0.313","ns","Wilcoxon","ns","I-309"
"262","value","CTL","AED
Responsive
Epilepsy",0.103770551265799,0.311311653797397,"0.104","ns","Wilcoxon","ns","I-309"
"263","value","CTL","MS",0.0161490161147477,0.0968940966884861,"0.016","*","Wilcoxon","ns","I-309"
"264","value","AED
Responsive
Epilepsy","MS",0.723359801315914,0.723359801315914,"0.723","ns","Wilcoxon","ns","I-309"
"265","value","snAE","CTL",0.0185615323005505,0.111369193803303,"0.019","*","Wilcoxon","ns","IL-16"
"266","value","snAE","AED
Responsive
Epilepsy",0.0449085898961427,0.134421274361363,"0.045","*","Wilcoxon","ns","IL-16"
"267","value","snAE","MS",0.0672106371806813,0.134421274361363,"0.067","ns","Wilcoxon","ns","IL-16"
"268","value","CTL","AED
Responsive
Epilepsy",0.802838605279178,0.802838605279178,"0.803","ns","Wilcoxon","ns","IL-16"
"269","value","CTL","MS",0.120256141083579,0.180384211625369,"0.120","ns","Wilcoxon","ns","IL-16"
"270","value","AED
Responsive
Epilepsy","MS",0.278487291841258,0.33418475020951,"0.278","ns","Wilcoxon","ns","IL-16"
"271","value","snAE","CTL",0.53030303030303,1,"0.53","ns","Wilcoxon","ns","TARC"
"272","value","snAE","AED
Responsive
Epilepsy",1,1,"1.00","ns","Wilcoxon","ns","TARC"
"273","value","snAE","MS",0.932791537667699,1,"0.93","ns","Wilcoxon","ns","TARC"
"274","value","CTL","AED
Responsive
Epilepsy",0.267676767676768,0.803030303030303,"0.27","ns","Wilcoxon","ns","TARC"
"275","value","CTL","MS",0.21006895581199,0.803030303030303,"0.21","ns","Wilcoxon","ns","TARC"
"276","value","AED
Responsive
Epilepsy","MS",0.865970072239422,1,"0.87","ns","Wilcoxon","ns","TARC"
"277","value","snAE","CTL",0.755050505050505,0.755050505050505,"0.755","ns","Wilcoxon","ns","X6CKine"
"278","value","snAE","AED
Responsive
Epilepsy",0.0936926194932482,0.378418680870894,"0.094","ns","Wilcoxon","ns","X6CKine"
"279","value","snAE","MS",0.221526219046607,0.378418680870894,"0.222","ns","Wilcoxon","ns","X6CKine"
"280","value","CTL","AED
Responsive
Epilepsy",0.252279120580596,0.378418680870894,"0.252","ns","Wilcoxon","ns","X6CKine"
"281","value","CTL","MS",0.596819805009375,0.71618376601125,"0.597","ns","Wilcoxon","ns","X6CKine"
"282","value","AED
Responsive
Epilepsy","MS",0.221352345871078,0.378418680870894,"0.221","ns","Wilcoxon","ns","X6CKine"
"283","value","snAE","CTL",0.104613298319717,0.156919947479576,"0.105","ns","Wilcoxon","ns","Eotaxin-3"
"284","value","snAE","AED
Responsive
Epilepsy",0.179712494879,0.179712494879,"0.180","ns","Wilcoxon","ns","Eotaxin-3"
"285","value","snAE","MS",0.0151258111571423,0.0453774334714268,"0.015","*","Wilcoxon","*","Eotaxin-3"
"286","value","snAE","CTL",0.00908838732801004,0.0227209683200251,"0.00909","**","Wilcoxon","*","LIF"
"287","value","snAE","AED
Responsive
Epilepsy",0.0253698598220537,0.0422830997034228,"0.02537","*","Wilcoxon","*","LIF"
"288","value","snAE","MS",0.000878443128002836,0.00439221564001418,"0.00088","***","Wilcoxon","**","LIF"
"289","value","CTL","MS",0.558184649422657,0.64416722268371,"0.55818","ns","Wilcoxon","ns","LIF"
"290","value","AED
Responsive
Epilepsy","MS",0.64416722268371,0.64416722268371,"0.64417","ns","Wilcoxon","ns","LIF"
"291","value","snAE","CTL",0.0303030303030303,0.0909090909090909,"0.030","*","Wilcoxon","ns","TPO"
"292","value","snAE","AED
Responsive
Epilepsy",0.0952380952380952,0.19047619047619,"0.095","ns","Wilcoxon","ns","TPO"
"293","value","snAE","MS",0.0290358296565451,0.0909090909090909,"0.029","*","Wilcoxon","ns","TPO"
"294","value","CTL","AED
Responsive
Epilepsy",0.755050505050505,0.930417165518429,"0.755","ns","Wilcoxon","ns","TPO"
"295","value","CTL","MS",0.805018888029506,0.930417165518429,"0.805","ns","Wilcoxon","ns","TPO"
"296","value","AED
Responsive
Epilepsy","MS",0.930417165518429,0.930417165518429,"0.930","ns","Wilcoxon","ns","TPO"
"297","value","snAE","CTL",0.0330364381977522,0.122304049649291,"0.033","*","Wilcoxon","ns","SCF"
"298","value","snAE","AED
Responsive
Epilepsy",0.372748070418113,0.447297684501736,"0.373","ns","Wilcoxon","ns","SCF"
"299","value","snAE","MS",0.191656814089763,0.287485221134645,"0.192","ns","Wilcoxon","ns","SCF"
"300","value","CTL","AED
Responsive
Epilepsy",0.104613298319717,0.209226596639434,"0.105","ns","Wilcoxon","ns","SCF"
"301","value","CTL","MS",0.0407680165497636,0.122304049649291,"0.041","*","Wilcoxon","ns","SCF"
"302","value","AED
Responsive
Epilepsy","MS",1,1,"1.000","ns","Wilcoxon","ns","SCF"
"303","value","snAE","CTL",0.00908838732801004,0.044405118493618,"0.0091","**","Wilcoxon","*","TSLP"
"304","value","snAE","AED
Responsive
Epilepsy",0.0253698598220537,0.044405118493618,"0.0254","*","Wilcoxon","*","TSLP"
"305","value","snAE","MS",0.0266430710961708,0.044405118493618,"0.0266","*","Wilcoxon","*","TSLP"
"306","value","CTL","MS",0.157325088990413,0.196656361238017,"0.1573","ns","Wilcoxon","ns","TSLP"
"307","value","AED
Responsive
Epilepsy","MS",0.235559316907948,0.235559316907948,"0.2356","ns","Wilcoxon","ns","TSLP"
"308","value","snAE","CTL",0.00908838732801004,0.0545303239680602,"0.0091","**","Wilcoxon","ns","IL-33"
"309","value","snAE","AED
Responsive
Epilepsy",0.0449085898961427,0.131207048853599,"0.0449","*","Wilcoxon","ns","IL-33"
"310","value","snAE","MS",0.102654871189632,0.153982306784448,"0.1027","ns","Wilcoxon","ns","IL-33"
"311","value","CTL","AED
Responsive
Epilepsy",0.310494434317235,0.372593321180682,"0.3105","ns","Wilcoxon","ns","IL-33"
"312","value","CTL","MS",0.0656035244267994,0.131207048853599,"0.0656","ns","Wilcoxon","ns","IL-33"
"313","value","AED
Responsive
Epilepsy","MS",0.473408236809093,0.473408236809093,"0.4734","ns","Wilcoxon","ns","IL-33"
"314","value","snAE","CTL",0.00908838732801004,0.04036525417381,"0.0091","**","Wilcoxon","*","IL-20"
"315","value","snAE","AED
Responsive
Epilepsy",0.0258575804634429,0.0517151609268858,"0.0259","*","Wilcoxon","ns","IL-20"
"316","value","snAE","MS",0.0134550847246033,0.04036525417381,"0.0135","*","Wilcoxon","*","IL-20"
"317","value","CTL","AED
Responsive
Epilepsy",0.310494434317235,0.427968249889899,"0.3105","ns","Wilcoxon","ns","IL-20"
"318","value","CTL","MS",0.55937457193526,0.55937457193526,"0.5594","ns","Wilcoxon","ns","IL-20"
"319","value","AED
Responsive
Epilepsy","MS",0.356640208241583,0.427968249889899,"0.3566","ns","Wilcoxon","ns","IL-20"
"320","value","snAE","CTL",0.0330364381977522,0.0991093145932567,"0.0330","*","Wilcoxon","ns","IL-21"
"321","value","snAE","AED
Responsive
Epilepsy",0.15793931050013,0.315878621000261,"0.1579","ns","Wilcoxon","ns","IL-21"
"322","value","snAE","MS",0.00874059952692449,0.052443597161547,"0.0087","**","Wilcoxon","ns","IL-21"
"323","value","CTL","AED
Responsive
Epilepsy",0.310494434317235,0.465741651475852,"0.3105","ns","Wilcoxon","ns","IL-21"
"324","value","CTL","MS",0.558184649422657,0.558184649422657,"0.5582","ns","Wilcoxon","ns","IL-21"
"325","value","AED
Responsive
Epilepsy","MS",0.402194822339485,0.482633786807382,"0.4022","ns","Wilcoxon","ns","IL-21"
"326","value","snAE","CTL",0.00908838732801004,0.0545303239680602,"0.0091","**","Wilcoxon","ns","IL-23"
"327","value","snAE","AED
Responsive
Epilepsy",0.0406089734042537,0.121826920212761,"0.0406","*","Wilcoxon","ns","IL-23"
"328","value","snAE","MS",0.0694650641739471,0.138930128347894,"0.0695","ns","Wilcoxon","ns","IL-23"
"329","value","CTL","AED
Responsive
Epilepsy",1,1,"1.0000","ns","Wilcoxon","ns","IL-23"
"330","value","CTL","MS",0.102704489472171,0.154056734208257,"0.1027","ns","Wilcoxon","ns","IL-23"
"331","value","AED
Responsive
Epilepsy","MS",0.219053806800345,0.262864568160414,"0.2191","ns","Wilcoxon","ns","IL-23"
"332","value","snAE","CTL",0.415976578028295,0.829721362229102,"0.416","ns","Wilcoxon","ns","TRAIL"
"333","value","snAE","AED
Responsive
Epilepsy",1,1,"1.000","ns","Wilcoxon","ns","TRAIL"
"334","value","snAE","MS",0.553147574819401,0.829721362229102,"0.553","ns","Wilcoxon","ns","TRAIL"
"335","value","CTL","AED
Responsive
Epilepsy",0.0735300222291186,0.441180133374711,"0.074","ns","Wilcoxon","ns","TRAIL"
"336","value","CTL","MS",0.777910853237915,0.933493023885498,"0.778","ns","Wilcoxon","ns","TRAIL"
"337","value","AED
Responsive
Epilepsy","MS",0.167956656346749,0.503869969040248,"0.168","ns","Wilcoxon","ns","TRAIL"
"338","value","snAE","CTL",0.148989898989899,0.619047619047619,"0.15","ns","Wilcoxon","ns","CTACK"
"339","value","snAE","AED
Responsive
Epilepsy",0.30952380952381,0.619047619047619,"0.31","ns","Wilcoxon","ns","CTACK"
"340","value","snAE","MS",0.44453044375645,0.636363636363636,"0.44","ns","Wilcoxon","ns","CTACK"
"341","value","CTL","AED
Responsive
Epilepsy",0.53030303030303,0.636363636363636,"0.53","ns","Wilcoxon","ns","CTACK"
"342","value","CTL","MS",0.266593958157426,0.619047619047619,"0.27","ns","Wilcoxon","ns","CTACK"
"343","value","AED
Responsive
Epilepsy","MS",0.735423116615067,0.735423116615067,"0.74","ns","Wilcoxon","ns","CTACK"
"344","value","snAE","CTL",0.755050505050505,0.906060606060606,"0.755","ns","Wilcoxon","ns","SDF-1a-B"
"345","value","snAE","AED
Responsive
Epilepsy",0.0555555555555556,0.24187306501548,"0.056","ns","Wilcoxon","ns","SDF-1a-B"
"346","value","snAE","MS",0.611584107327141,0.906060606060606,"0.612","ns","Wilcoxon","ns","SDF-1a-B"
"347","value","CTL","AED
Responsive
Epilepsy",0.202020202020202,0.404040404040404,"0.202","ns","Wilcoxon","ns","SDF-1a-B"
"348","value","CTL","MS",0.97187614764345,0.97187614764345,"0.972","ns","Wilcoxon","ns","SDF-1a-B"
"349","value","AED
Responsive
Epilepsy","MS",0.08062435500516,0.24187306501548,"0.081","ns","Wilcoxon","ns","SDF-1a-B"
"350","value","snAE","CTL",0.638888888888889,0.766666666666667,"0.639","ns","Wilcoxon","ns","ENA-78"
"351","value","snAE","AED
Responsive
Epilepsy",0.30952380952381,0.464285714285714,"0.310","ns","Wilcoxon","ns","ENA-78"
"352","value","snAE","MS",0.266124871001032,0.464285714285714,"0.266","ns","Wilcoxon","ns","ENA-78"
"353","value","CTL","AED
Responsive
Epilepsy",0.0303030303030303,0.181818181818182,"0.030","*","Wilcoxon","ns","ENA-78"
"354","value","CTL","MS",0.0659184726522188,0.197755417956656,"0.066","ns","Wilcoxon","ns","ENA-78"
"355","value","AED
Responsive
Epilepsy","MS",0.865970072239422,0.865970072239422,"0.866","ns","Wilcoxon","ns","ENA-78"
"356","value","snAE","CTL",0.0732323232323232,0.439393939393939,"0.073","ns","Wilcoxon","ns","MIP-1d"
"357","value","snAE","AED
Responsive
Epilepsy",1,1,"1.000","ns","Wilcoxon","ns","MIP-1d"
"358","value","snAE","MS",0.672471620227038,1,"0.672","ns","Wilcoxon","ns","MIP-1d"
"359","value","CTL","AED
Responsive
Epilepsy",0.53030303030303,1,"0.530","ns","Wilcoxon","ns","MIP-1d"
"360","value","CTL","MS",0.368409325452669,1,"0.368","ns","Wilcoxon","ns","MIP-1d"
"361","value","AED
Responsive
Epilepsy","MS",1,1,"1.000","ns","Wilcoxon","ns","MIP-1d"
"362","value","snAE","CTL",0.0185615323005505,0.111369193803303,"0.019","*","Wilcoxon","ns","IL-28A"
"363","value","snAE","AED
Responsive
Epilepsy",0.0449085898961427,0.134725769688428,"0.045","*","Wilcoxon","ns","IL-28A"
"364","value","snAE","MS",0.0689656843396289,0.137931368679258,"0.069","ns","Wilcoxon","ns","IL-28A"
"365","value","CTL","AED
Responsive
Epilepsy",0.802838605279178,0.802838605279178,"0.803","ns","Wilcoxon","ns","IL-28A"
"366","value","CTL","MS",0.201011164436652,0.301516746654978,"0.201","ns","Wilcoxon","ns","IL-28A"
"367","value","AED
Responsive
Epilepsy","MS",0.356640208241583,0.427968249889899,"0.357","ns","Wilcoxon","ns","IL-28A"
